file,energy_0,homogenity_0,entropy_0,contras_0,energy_45,homogenity_45,entropy_45,contras_45,energy_90,homogenity_90,entropy_90,contras_90,energy_135,homogenity_135,entropy_135,contras_135
dataset/jati (1).jpg,0.0010462554841342826,94.92575757575771,7.341239636756884,93.92575757575739,0.0009979117027562791,101.6308539944905,7.379550915751548,100.63085399449024,0.00133945005611673,52.61808080808105,7.075800563008121,51.618080808080606,0.0009877007336139656,105.38349293205647,7.330295871261342,104.39033287733659
dataset/jati (10).jpg,0.0006100346903377318,67.16848484848488,7.693663121408143,66.16848484848447,0.000519172466685541,125.91939598000215,7.890616598991056,124.91939598000174,0.0005503264972962033,109.00686868686859,7.8224552049228295,108.00686868686769,0.0005333806783194647,106.10518315853425,7.790248197681034,105.11202310381466
dataset/jati (100).jpg,0.00033083868992958863,201.88969696969886,8.281694160969606,200.88969696969366,0.00031834922987030367,214.70900928476763,8.308349873056775,213.70900928476655,0.00036326395265788103,173.06464646464693,8.195870582844119,172.06464646464363,0.00032760947822737233,205.11739372751663,8.228855711089507,204.12423367279658
dataset/jati (11).jpg,0.001272533414957654,37.44343434343446,7.031124266716208,36.4434343434343,0.0010360703038939242,75.54892357922678,7.274640649594201,74.54892357922631,0.001065513723089484,72.74161616161614,7.256681230880767,71.7416161616162,0.0009689354516374464,88.3918528651769,7.2887256568371335,87.39869281045713
dataset/jati (12).jpg,0.0007288695031119448,85.28252525252553,7.514359187347042,84.28252525252492,0.0006413622309341017,116.36883991429467,7.639168088755897,115.36883991429391,0.0006561065197429035,102.44757575757599,7.61688713092361,101.4475757575753,0.0006215235951382735,114.96002431980473,7.602211182046964,113.96686426508546
dataset/jati (13).jpg,0.000394674012855826,60.839696969697286,8.065065908865549,59.8396969696966,0.00037995160941798174,65.84726048362447,8.106641113166122,64.84726048362441,0.00048717477808386686,33.49525252525294,7.845874848169482,32.49525252525233,0.0003766199793895532,62.86456908344769,8.04171182813257,61.87140902872691
dataset/jati (14).jpg,0.0003223803693500599,159.81929292929416,8.278269686811102,158.81929292929132,0.0003190363033050606,167.0868278747067,8.288444258260213,166.08682787470607,0.00037189572492602206,129.20686868686957,8.150618914987918,128.2068686868676,0.0003094602930599449,186.15888939555188,8.256526223719899,185.16572934083138
dataset/jati (15).jpg,0.000298755229058255,211.01585858585844,8.387709207691392,210.01585858585534,0.0002817209286555261,235.8136924803607,8.43472734664053,234.81369248036071,0.0003629476584021975,97.43252525252588,8.175112462415969,96.43252525252409,0.00028278843536693084,223.990981405482,8.366315132004802,222.9978213507604
dataset/jati (16).jpg,0.0002689011325374936,173.627373737374,8.468256761400847,172.62737373737087,0.00025969293792922464,174.29660238751177,8.49376158869432,173.29660238751114,0.00037000306091214494,62.89202020202045,8.149495687387962,61.89202020201961,0.0002600647313920921,182.04083700663725,8.436919810995608,181.047676951917
dataset/jati (17).jpg,0.0002754922967044061,186.07393939394055,8.464601954722195,185.07393939393577,0.00027265884645927377,186.1868176716662,8.473109502486226,185.18681767166493,0.0003544893378226588,91.88181818181799,8.219730271812994,90.8818181818173,0.00025819590440455555,196.3922581952678,8.447819525688965,195.39909814054784
dataset/jati (18).jpg,0.00034617385981021247,146.43212121212125,8.26648114551321,145.4321212121186,0.0003395287890067168,149.7636975818797,8.274769259800975,148.76369758187894,0.0003849658198142927,107.4613131313134,8.146390865795732,106.46131313131217,0.0003171512348932691,159.6890104879161,8.273197814855953,158.69585043319566
dataset/jati (19).jpg,0.0002862105907560426,118.89545454545481,8.410391366498889,117.89545454545193,0.0002632636377492245,160.61228446076953,8.489355620791654,159.61228446076905,0.0003009233751657946,109.3248484848487,8.351572342945328,108.32484848484656,0.00026107102284691916,147.90515275877686,8.431626485111073,146.9119927040577
dataset/jati (2).jpg,0.0008968217528823785,29.428888888889176,7.293023861556957,28.42888888888877,0.0008200481698856934,38.04611774308757,7.395945716623776,37.046117743087414,0.0008784103662891725,31.410606060606263,7.314162401584202,30.41060606060603,0.0008007256203388487,37.143942848457236,7.347737930516419,36.150782793737406
dataset/jati (20).jpg,0.0005610549943883395,74.16313131313159,7.767607506643918,73.1631313131311,0.00047055161097326595,115.66799306193285,7.938840311590266,114.66799306193265,0.0004946076930925504,104.67333333333352,7.893917897041184,103.6733333333327,0.0004762941748182703,111.29705629021583,7.871963492366355,110.3038962354964
dataset/jati (21).jpg,0.0006052596673808866,86.28545454545483,7.677130326792613,85.28545454545409,0.0005441777756291083,129.78798081828424,7.803483381845701,128.78798081828415,0.000541046831955931,126.63969696969757,7.806223286236669,125.63969696969602,0.0005241546286035144,129.8680650554796,7.7761785028136625,128.87490500075972
dataset/jati (22).jpg,0.0007320834608713492,60.15343434343459,7.524289769047092,59.153434343434284,0.0005894621611014133,111.51831445770915,7.736241824469301,110.51831445770853,0.0006063105805530158,111.27848484848519,7.721952518033,110.27848484848445,0.0005571055396090545,127.73987941429792,7.73802306087705,126.74671935957772
dataset/jati (23).jpg,0.0009112335475971948,43.30181818181846,7.320486137222555,42.301818181818234,0.0008298910173486968,56.934394449546325,7.425507195133576,55.93439444954608,0.0008556065707580945,49.683939393939575,7.389224491017219,48.68393939393949,0.0007552936148093886,64.75898059482184,7.451943872038647,63.76582054010191
dataset/jati (24).jpg,0.0005358330782573232,54.69929292929324,7.7551543478053055,53.69929292929276,0.0004417465777314599,85.39812264054741,7.951116596951953,84.39812264054667,0.00045591266197326656,81.47969696969729,7.925409561972393,80.47969696969648,0.0004284183186128132,91.35856513147887,7.921642231493649,90.36540507675898
dataset/jati (25).jpg,0.0004145903479236734,81.72575757575746,8.027831788226464,80.72575757575639,0.00040189631851582217,92.39904091419325,8.065210641038087,91.39904091419235,0.0004802622181410011,55.87020202020195,7.890033173219591,54.870202020201425,0.0003790073545247302,94.5248011349233,8.056510901077631,93.53164108020428
dataset/jati (26).jpg,0.0008182889501071428,109.40222222222238,7.434247858863431,108.40222222222185,0.0007614439289623927,135.18518518518516,7.508704673781377,134.1851851851849,0.0008136210590756152,114.13313131313191,7.447659815636914,113.1331313131313,0.0008353091878884357,99.5279931093883,7.355534863704024,98.53483305466845
dataset/jati (27).jpg,0.0007382665034180376,81.29373737373741,7.56874405091176,80.29373737373646,0.0006983268647971957,93.61820222426324,7.615995283842345,92.61820222426246,0.0008571931435567958,52.12484848484887,7.407817053959383,51.12484848484819,0.0007168902470435194,82.30531489081415,7.534186140839384,81.31215483609411
dataset/jati (28).jpg,0.0008727833894500697,55.93686868686902,7.378048070378394,54.93686868686867,0.0008321656468258676,61.056116722783514,7.418782169089466,60.05611672278351,0.0009353025201510197,49.203434343434374,7.31551927998007,48.20343434343441,0.0008053463464069298,64.60900846126569,7.401883887839012,63.61584840654562
dataset/jati (29).jpg,0.0005701254973982382,98.78909090909133,7.7556025312628405,97.7890909090905,0.0005140090057213495,129.37690031629467,7.857482701637224,128.37690031629415,0.0005393378226711696,118.17797979798016,7.825203773317203,117.17797979797923,0.000505353407646478,124.6631200283729,7.811077072541749,123.66995997365258
dataset/jati (3).jpg,0.0007438679726558585,58.23848484848499,7.517969742690209,57.23848484848474,0.0005796089034348561,104.89990817263573,7.763951195920737,103.89990817263545,0.0005930976430976511,94.96414141414111,7.74967324672612,93.96414141414068,0.0005619418995603137,107.67340527942385,7.735250155665502,106.6802452247038
dataset/jati (30).jpg,0.0005562595653504877,98.51858585858629,7.788800223363714,97.51858585858534,0.0005036976990982862,132.89909192939524,7.87998024316996,131.8990919293945,0.0005140036730945952,126.26525252525299,7.857593912920505,125.2652525252519,0.0005101486944771382,126.65754673962599,7.809731662292009,125.66438668490598
dataset/jati (31).jpg,0.0008242781348842077,110.51090909090938,7.438434246713263,109.51090909090892,0.0007897180418228029,129.6235078053258,7.488834319257388,128.62350780532572,0.0008022191613100841,115.4319191919193,7.468216416319934,114.43191919191902,0.0007699002433246236,125.43861782439066,7.44545137496128,124.44545776967097
dataset/jati (32).jpg,0.0005761861034588472,198.53303030303067,7.846898235793623,197.53303030302823,0.0005304311018322814,257.2328333843489,7.934964918813111,256.23283338434794,0.000541358024691375,256.7176767676792,7.92469572296566,255.7176767676743,0.0005006094622165787,302.413943355119,7.929511306637279,301.4207833003991
dataset/jati (33).jpg,0.000971023364962769,73.37949494949525,7.484490459375207,72.37949494949429,0.0008835556166842695,97.30558106315713,7.594487945410318,96.30558106315624,0.0009721610039792026,97.957272727273,7.527959670233083,96.95727272727221,0.000845520992498913,133.0870953032366,7.596136653869496,132.0939352485175
dataset/jati (34).jpg,0.0005107029894908796,102.86969696969726,7.848534688441171,101.86969696969636,0.000499460746250649,110.31751862054904,7.864061376221521,109.31751862054851,0.000552372206917672,88.65434343434377,7.774256301352008,87.65434343434286,0.0004911267054968386,112.66990930739196,7.824969474781521,111.6767492526722
dataset/jati (35).jpg,0.00047357922660952353,200.00979797979875,7.9620263263476545,199.00979797979636,0.0004613385808254514,208.39353127231922,7.984765466742122,207.39353127231968,0.0005797469645954657,127.33696969696992,7.776795501470834,126.3369696969686,0.0004603578040234455,200.62278968434876,7.929408317969521,199.62962962962817
dataset/jati (36).jpg,0.0005716610549944032,188.85888888888948,7.8231192621625745,187.85888888888783,0.0005824612992094306,178.81573308846055,7.813254134710287,177.81573308846004,0.0007281654933170214,95.30646464646487,7.586762341219834,94.30646464646446,0.0005499074752229962,203.85894512843916,7.80536436149814,202.86578507371843
dataset/jati (37).jpg,0.00047304866850320576,150.76282828282996,7.972602967540454,149.7628282828271,0.0004746011801568779,150.64758698092086,7.96226340612929,149.64758698092012,0.0005637230894806892,106.61323232323276,7.810341590405908,105.61323232323153,0.0004485390135692932,174.774079140701,7.959908810722025,173.78091908598032
dataset/jati (38).jpg,0.0004991072339557381,118.73424242424285,7.900860232614359,117.73424242424169,0.0004677720866235814,141.48586878889915,7.955511006713492,140.48586878889844,0.0005576216712580604,100.76141414141429,7.796359454056744,99.76141414141377,0.0004718223388123762,132.83285200385063,7.888142003937583,131.8396919491305
dataset/jati (39).jpg,0.0006714161820222614,92.55727272727304,7.705227231514307,91.5572727272722,0.0005833461665117629,143.32221201918216,7.8354829565354915,142.32221201918173,0.0006112029384756822,132.10131313131342,7.802127131578884,131.1013131313123,0.0005870427103901913,138.14693215787656,7.770842617767055,137.1537721031562
dataset/jati (4).jpg,0.0007394704621977443,65.34393939393954,7.550740732419744,64.34393939393917,0.0006068992520591423,93.09131721252972,7.736107146899623,92.09131721252935,0.000633348637894102,79.47383838383848,7.7000077441351396,78.47383838383777,0.0005741200798197641,100.71773825809368,7.727234135940362,99.72457820337353
dataset/jati (40).jpg,0.00031539128660340414,208.7305050505061,8.297234549379167,207.73050505050173,0.0003076891814280953,223.0059177634942,8.323346982547152,222.005917763494,0.00032905825936128654,196.72191919192008,8.265475123306311,195.72191919191704,0.00029876074514228513,250.50787860363823,8.294482311319499,249.51471854891793
dataset/jati (41).jpg,0.0005798489950005264,169.07343434343412,7.8257732513333265,168.07343434343292,0.0005408777411015824,201.6258545046433,7.889765848174874,200.62585450464303,0.0005892000816243401,166.95000000000093,7.808460432750774,165.9499999999989,0.0005430533982220011,188.2092516593201,7.832946649089522,187.216091604599
dataset/jati (42).jpg,0.0005845270890725646,144.21777777777856,7.795447603672403,143.21777777777604,0.0005354279995395696,184.55137230894914,7.879459672297608,183.5513723089485,0.0005419549025609843,182.51575757575858,7.871340092091385,181.51575757575569,0.00048576666325784746,212.85413183361302,7.909582589000174,211.8609717788917
dataset/jati (43).jpg,0.0006727119681665362,139.31888888888966,7.732865211463406,138.31888888888778,0.0006619900492820017,153.5719824507711,7.756014471140544,152.57198245077046,0.0006836037139067681,136.3227272727275,7.704752624628578,135.32272727272695,0.0006031844467880485,175.70106905811443,7.768495370413214,174.70790900339344
dataset/jati (44).jpg,0.0005068258340985726,250.46565656565818,7.99758052331715,249.46565656565437,0.0005075546795161011,250.50331598816518,7.983854371766752,249.50331598816473,0.0005960361187634077,155.57626262626297,7.819426019037238,154.5762626262614,0.00048728636872024316,264.00263464559,7.963328912512518,263.00947459086933
dataset/jati (45).jpg,0.0015840730537700226,62.22232323232341,6.93849532310465,61.22232323232322,0.001566350457774641,72.61707988980731,6.959416626497918,71.61707988980699,0.0021889297010509283,43.84474747474769,6.635573104423539,42.84474747474742,0.0015306463148943435,69.6515174545273,6.923052670659518,68.65835739980697
dataset/jati (46).jpg,0.0002480665238240959,293.8557575757581,8.542683652275096,292.85575757575384,0.00024275033164045456,301.7693092541554,8.554102749116655,300.7693092541556,0.0003540097949188789,117.53464646464677,8.206840729793484,116.53464646464484,0.00023841406269306878,294.1605107159138,8.504850777802519,293.1673506611943
dataset/jati (47).jpg,0.0018332721150903031,14.820101010101002,6.6258947769421725,13.820101010101025,0.0012381219447288718,30.17120701969183,6.999824823475302,29.17120701969184,0.001387950209162334,24.426060606060666,6.892099951113718,23.426060606060584,0.0012481915986323204,27.926939251152753,6.926711793723515,26.933779196433015
dataset/jati (48).jpg,0.0005775431078461736,89.53525252525277,7.846463680484027,88.53525252525178,0.0005773134535505672,88.98153249668415,7.837535841148947,87.98153249668327,0.0007024334251607328,61.712222222222344,7.673200695686057,60.712222222221854,0.0005567923570644601,94.21756092617836,7.817912908959007,93.22440087145903
dataset/jati (49).jpg,0.001332680338740946,43.07888888888903,6.971176943237235,42.07888888888887,0.00107161594393879,76.27701254974,7.199760974892897,75.27701254973957,0.0010831445770839755,76.8816161616163,7.1893233426397565,75.88161616161591,0.0010256368946329557,82.02827177382555,7.180804549374614,81.03511171910581
dataset/jati (5).jpg,0.0008048719518416543,57.03535353535393,7.48826151713434,56.035353535353266,0.000550429102864998,134.3725130088772,7.859648573479262,133.37251300887692,0.0005677277828793049,121.46434343434353,7.825347712516503,120.46434343434298,0.0005602887064559551,122.6635253584637,7.780408192637603,121.6703653037434
dataset/jati (50).jpg,0.0005194163860830648,148.7180808080814,7.840372862567216,147.7180808080792,0.0004841369266149597,164.54014896439153,7.892601176073472,163.5401489643912,0.0006101163146617822,112.60707070707122,7.702977231836065,111.60707070707022,0.0004990794884740286,158.05948219080963,7.811798938711223,157.0663221360883
dataset/jati (51).jpg,0.0006311804917865667,166.55909090909157,7.790006072943146,165.55909090908955,0.0005911121783651747,173.3365983062955,7.834832568356375,172.33659830629554,0.0006918324660749039,106.65848484848506,7.671693649332098,105.65848484848424,0.0005778525996547718,178.5862086436652,7.7935862855949,177.5930485889438
dataset/jati (52).jpg,0.00043020610141821766,213.42555555555634,8.074769256153601,212.42555555555396,0.00040786136515390237,247.6979900010215,8.12749089408077,246.69799000102117,0.000492587491072344,185.2434343434354,7.986166599320253,184.2434343434316,0.00039859923305342256,247.41551400922216,8.081471115938141,246.42235395450098
dataset/jati (53).jpg,0.0006328231813080392,117.12808080808092,7.719464707920056,116.1280808080803,0.0005897172110885574,139.2526272829305,7.7825216361393075,138.25262728293046,0.0007569329660238868,97.87515151515173,7.575343945631715,96.87515151515109,0.0006167847838484392,126.58985661448011,7.691782659177032,125.59669655976042
dataset/jati (54).jpg,0.0008463320069380825,123.39151515151546,7.459790188821131,122.39151515151498,0.0007840236604772039,141.56749311294783,7.512226251556212,140.56749311294791,0.0009026425874910876,98.2914141414145,7.388051484079861,97.29141414141385,0.0008076823801413548,133.39048487612152,7.448499310681812,132.3973248214011
dataset/jati (55).jpg,0.0005694061830425585,151.37939393939422,7.7459262109236064,150.37939393939305,0.000544562953160712,165.5653504744416,7.788550844285414,164.56535047444137,0.0006240536679930741,122.52626262626261,7.668130269994283,121.5262626262623,0.0005360144921782757,164.11967370927738,7.739480523011643,163.12651365455667
dataset/jati (56).jpg,0.0007035098459341003,78.76828282828295,7.682411780723616,77.76828282828265,0.0005558111781038902,115.1102948678708,7.875698615246925,114.11029486787092,0.0006160799918375794,84.18212121212136,7.7562977786687055,83.18212121212065,0.000578211989460064,100.2404620763032,7.770763834301721,99.24730202158327
dataset/jati (57).jpg,0.0008426487093153913,62.3843434343438,7.365966279573075,61.3843434343434,0.0007784177658618391,73.09029690847895,7.442441936566526,72.09029690847842,0.0008059330680542965,70.44494949494944,7.413442721983814,69.44494949494933,0.0007365694059534876,79.00045599635156,7.43118947936486,78.00729594163157
dataset/jati (58).jpg,0.00041867156412610164,213.88555555555618,8.056129689403543,212.88555555555504,0.00039177239555678603,242.41710029588828,8.106507037069768,241.41710029588765,0.000416074890317306,210.43444444444458,8.057498889221531,209.43444444444336,0.00040126898589276194,209.53518771849906,8.020622286707233,208.54202766377765
dataset/jati (59).jpg,0.0006915875931027721,91.16686868686884,7.616574247718707,90.16686868686787,0.0006646810869014455,99.82348739924495,7.653843190530241,98.82348739924404,0.0008546882971125672,55.996464646464766,7.407810414344761,54.9964646464642,0.0006787795252619627,93.10817246795281,7.5756339362928236,92.11501241323361
dataset/jati (6).jpg,0.0006543413937353435,50.66828282828303,7.632945384066304,49.66828282828252,0.0004904975609881934,95.39802061014213,7.926330000017768,94.39802061014163,0.0005039638812366159,82.38343434343454,7.883802682300635,81.38343434343369,0.0004954753221409142,83.80341490601349,7.836602366737519,82.81025485129453
dataset/jati (60).jpg,0.0006600448933782377,31.66666666666708,7.639039854568906,30.66666666666635,0.0006390355504391434,34.965615753494454,7.685449543757489,33.965615753494625,0.001046388123660863,13.987575757575732,7.240512197506707,12.987575757575781,0.0006512913392969039,31.411663373360128,7.582372103678918,30.418503318640234
dataset/jati (61).jpg,0.0008529384756657518,37.69969696969724,7.346595887273289,36.69969696969689,0.0008659519624696331,37.50362207937979,7.332275745062711,36.50362207937963,0.001177640036730946,18.315656565656603,7.01119360769847,17.315656565656557,0.0008154451999357297,40.814004154633565,7.332187497203494,39.8208440999136
dataset/jati (62).jpg,0.000753892459953073,44.03535353535378,7.472301341718451,43.03535353535341,0.000729963473406471,46.15171921232541,7.498706751478544,45.15171921232535,0.0008698092031425439,29.770909090909342,7.303572757580326,28.770909090909118,0.0007032283003021974,48.0340477276183,7.474024894247574,47.04088767289821
dataset/jati (63).jpg,0.0003755790225487128,185.52656565656713,8.15871306262146,184.52656565656355,0.00036784974778313956,196.6443220079582,8.174664344115614,195.64432200795824,0.00037785940210181916,189.75222222222257,8.160595165683143,188.75222222221979,0.00035839891626106415,197.20089172619993,8.133174305914096,196.20773167147868
dataset/jati (64).jpg,0.00045829507193142767,191.73848484848574,8.038801577592263,190.73848484848253,0.00045153216907489253,191.9941842669127,8.049593187447712,190.994184266912,0.0006968625650444,80.21535353535378,7.599498056049817,79.21535353535317,0.0004229761301326183,207.5451183057198,8.027076207264999,206.551958251
dataset/jati (65).jpg,0.0008398938883787478,37.521111111111175,7.369531422430465,36.52111111111097,0.000509490977377677,108.53535353535368,7.857626647183627,107.53535353535321,0.0004983675135190383,111.44424242424274,7.875468820970731,110.44424242424196,0.0004906646328900295,116.65906672746591,7.835632163205474,115.6659066727464
dataset/jati (66).jpg,0.0005988062442608024,102.06989898989957,7.75186055219919,101.06989898989866,0.0004251787387707233,265.18875624936345,8.096332662556653,264.1887562493627,0.0004300632588511297,261.1407070707075,8.091421809684793,260.1407070707065,0.00041620933351291077,258.8248467345603,8.050518682885452,257.83168667983836
dataset/jati (67).jpg,0.0013469799000102056,58.87949494949524,7.0951098748441215,57.879494949494934,0.0013293413533957842,60.02336496275904,7.118452540120662,59.02336496275891,0.0018006019793898591,29.9039393939395,6.816869765094335,28.90393939393937,0.001340036230445677,61.7013730556823,7.0614720533176865,60.70821300096219
dataset/jati (68).jpg,0.001350601979389857,75.69595959595968,7.094888421270965,74.6959595959596,0.001192806328645876,101.82185491276428,7.206926177624643,100.82185491276367,0.0011799561269258164,100.47919191919198,7.210827259916782,99.4791919191916,0.0011415709116812656,95.88671023965132,7.169045921591591,94.89355018493139
dataset/jati (69).jpg,0.001163187429854099,62.16202020202033,7.17700666804012,61.16202020202018,0.0008470001868943822,156.98122640546876,7.520425476489907,155.9812264054686,0.0008375216814610993,158.42494949494983,7.528767943760242,157.42494949494858,0.0008285013181481288,155.81598013882575,7.478291623735704,154.82282008410547
dataset/jati (7).jpg,0.0008424956637077982,33.8733333333336,7.4090538689088685,32.87333333333316,0.0006177362739618224,74.47617590041853,7.716183522736304,73.47617590041764,0.000626548311396815,71.88949494949526,7.709643936188732,70.88949494949453,0.0006114452781697648,75.42868723716835,7.675884189056803,74.43552718244865
dataset/jati (70).jpg,0.00035039281705947085,230.42161616161656,8.252930437719526,229.4216161616136,0.0003481224120429002,243.14631160085767,8.258128444372016,242.14631160085594,0.0004681257014590272,87.92333333333337,7.966382161609229,86.92333333333244,0.0003438692998469633,226.19769975173585,8.21129823481212,225.204539697015
dataset/jati (71).jpg,0.0012513212937455415,61.725656565656806,7.040807671617419,60.72565656565653,0.0011989171181337659,66.88613406795253,7.085516378935431,65.88613406795213,0.001522099785736154,31.522727272727504,6.855602778113695,30.52272727272724,0.0012575305994299403,60.25586461974992,6.981694381566305,59.262704565029665
dataset/jati (72).jpg,0.0007872155902459173,113.23363636363682,7.555673052124432,112.2336363636355,0.0006672055612639826,181.77441077441054,7.728018557081304,180.77441077441046,0.0006605448423630508,181.97414141414214,7.73619100848836,180.9741414141401,0.000635868382509659,185.45412170036082,7.7000711682673275,184.46096164563983
dataset/jati (73).jpg,0.0011358432812978254,77.19767676767692,7.234214259392772,76.19767676767661,0.000894611252861643,155.71176410570342,7.482606665904864,154.71176410570317,0.0009213804713804919,151.6305050505059,7.467174564331644,150.63050505050415,0.0009017654970276923,148.51639053554203,7.418812451886184,147.5232304808222
dataset/jati (74).jpg,0.0008594888276706588,66.65797979798002,7.358572966682047,65.6579797979797,0.0008514765744238301,67.15886134067993,7.353616200995726,66.15886134067938,0.000983062952759931,47.52494949494974,7.215769114766241,46.5249494949494,0.0008286040009496371,70.62907230075469,7.331491225335785,69.63591224603512
dataset/jati (75).jpg,0.0006089633710846047,86.24818181818208,7.7171553159160355,85.24818181818124,0.0005980974249518216,88.75390266299401,7.7371057037153435,87.75390266299331,0.0007210182634425191,45.632323232323614,7.518513551238792,44.63232323232293,0.0005924848988703864,87.8251000658656,7.6836234588054975,86.83194001114627
dataset/jati (76).jpg,0.0004675543311906917,110.69565656565652,7.928504092031797,109.69565656565565,0.00047009876711854475,108.79093970003159,7.927754713338681,107.79093970003078,0.0007229007244158815,50.61434343434376,7.536965817013799,49.61434343434308,0.0004590383300240022,114.8755129958954,7.895695677295325,113.88235294117607
dataset/jati (77).jpg,0.00027822671156003503,294.89999999999986,8.465016350477997,293.8999999999971,0.0002800084501704174,305.1143760840701,8.461683558907144,304.1143760840694,0.0003981685542291536,111.7029292929297,8.112993527599185,110.70292929292782,0.0002774694662485537,293.80240158078857,8.406139800848429,292.8092415260679
dataset/jati (78).jpg,0.0006547699214366029,77.75515151515187,7.575022598430051,76.7551515151512,0.0006212601278658207,85.59646974798532,7.623733237832085,84.59646974798497,0.0008955412712988558,32.990101010101206,7.2672237066918655,31.990101010100943,0.0006269401129180846,80.89446217763606,7.557750592150401,79.90130212291562
dataset/jati (79).jpg,0.0006429190898887938,69.48090909090926,7.60378481247134,68.48090909090884,0.0005766263801158173,84.64075094378205,7.702624570839505,83.64075094378109,0.0006609172533415043,70.92232323232348,7.59860854083708,69.92232323232277,0.00058549733422741,82.23833409332701,7.634036672691031,81.24517403860699
dataset/jati (8).jpg,0.0009969135802469198,54.96333333333359,7.1794521235792015,53.96333333333328,0.000925212046217012,65.3143556779924,7.255637856675214,64.31435567799201,0.0009987399244975072,54.515151515151686,7.185167485134499,53.51515151515137,0.0009160538088582191,63.612605765820554,7.208043424259301,62.619445711100695
dataset/jati (80).jpg,0.00031054994388325706,207.25090909091037,8.42205392977387,206.25090909090665,0.00030811079467212346,212.81083562901776,8.427477080344742,211.81083562901665,0.00031097337006425916,213.36727272727504,8.417881122374903,212.36727272726992,0.0002984886357182718,219.94061914171283,8.383184392631664,218.94745908699292
dataset/jati (81).jpg,0.000545224977043175,54.00929292929289,7.87491916393091,53.00929292929222,0.0005226755001824183,73.12437506376942,7.950656900847169,72.124375063769,0.000587460463218056,57.63121212121218,7.82934448859129,56.63121212121157,0.0004980167214783572,65.14100420529975,7.892133021317384,64.14784415057906
dataset/jati (82).jpg,0.0006935108662381587,77.21333333333324,7.570279168329275,76.21333333333297,0.0006414559227661133,90.72615039281744,7.6381799320026555,89.7261503928169,0.0008452249770431718,45.13080808080826,7.373864703585682,44.13080808080791,0.000667689782698542,78.57597405887427,7.541061142150135,77.58281400415437
dataset/jati (83).jpg,0.00041960514233240425,169.2615151515162,8.046881049495457,168.26151515151335,0.0004203588145238995,165.5866748290994,8.04275130651674,164.5866748290985,0.00047229874502600753,122.1070707070709,7.93505477774166,121.10707070707035,0.0004155675660034514,162.85281451081883,7.990938758278648,161.85965445609665
dataset/jati (84).jpg,0.0006743954698500227,90.57272727272765,7.654321704240718,89.57272727272647,0.0006278289663101948,91.88888888888914,7.703515176847836,90.8888888888888,0.000789893888378745,60.32121212121211,7.521740703071713,59.32121212121191,0.0006443756526149905,99.44905507422567,7.637025589481933,98.45589501950565
dataset/jati (85).jpg,0.00045833588409344893,119.86030303030323,8.010264909216561,118.8603030303011,0.000444588563302468,123.79797979798025,8.032947432597485,122.79797979797868,0.0005789307213549794,71.20060606060602,7.780105034874169,70.20060606060518,0.00046172861942364146,112.48183614530964,7.938244611046418,111.48867609059064
dataset/jati (86).jpg,0.0005600346903377243,49.00555555555595,7.7344961371365235,48.005555555555375,0.0005320655037907087,53.77736965615785,7.777929924546027,52.777369656157944,0.0006286399347005467,37.48212121212143,7.616432889684889,36.48212121212098,0.0005165561012915443,56.40928205907701,7.7503189764949,55.4161220043563
dataset/jati (87).jpg,0.0004822365064789259,155.38292929292965,7.9223811367430885,154.38292929292828,0.00046981769162250653,156.8517498214464,7.936544365913873,155.8517498214464,0.0005536679930619531,116.89030303030354,7.807406037997717,115.89030303030242,0.0004708571204781533,152.9352991842729,7.874829654362568,151.94213912955334
dataset/jati (88).jpg,0.0003266401387613426,314.40636363636406,8.331411680857055,313.4063636363595,0.00031074978127380306,347.6804407713455,8.369445342951186,346.6804407713454,0.00041690133659829883,172.4389898989911,8.11752619120687,171.43898989898807,0.00033608594349227597,285.1797132289605,8.24326648315103,284.18655317423986
dataset/jati (89).jpg,0.00036341699826547937,88.18060606060668,8.198039627193811,87.18060606060473,0.0003493560211643962,93.59473523109966,8.2296542907287,92.59473523109907,0.0004238853178247099,61.16232323232354,8.042746469938933,60.16232323232283,0.000353490678348742,86.82748138014838,8.146101260701894,85.8343213254288
dataset/jati (9).jpg,0.0009155647382920198,36.994343434343655,7.294751878226936,35.99434343434332,0.0008486918449723736,48.32006938067552,7.377660417277819,47.320069380675655,0.0009251453933272239,39.34797979797997,7.295610927911348,38.34797979797976,0.0008569701248676132,45.19876374322332,7.309830187486683,44.20560368850367
dataset/jati (90).jpg,0.0003718906234057677,217.43666666666735,8.172493101143548,216.43666666666408,0.00037060324662392316,214.8992959902062,8.182106476730345,213.89929599020488,0.00045654525048463817,145.03535353535324,7.984954101353078,144.0353535353511,0.00037938214675025474,212.2857577139388,8.102764225312352,211.29259765921745
dataset/jati (91).jpg,0.0002976584022038404,224.67030303030404,8.417805416757291,223.67030303029912,0.0002906632935108471,236.09060299969542,8.425862034061641,235.09060299969414,0.00032896643199672526,171.79070707070773,8.286142890452492,170.79070707070386,0.0002877839536605365,249.97709884987626,8.382120665386468,248.98393879515552
dataset/jati (92).jpg,0.00031345270890724983,311.7702020202028,8.324318170447404,310.77020202019884,0.000310916344530717,320.0593816957428,8.328177879586095,319.05938169574284,0.000389873482297719,208.24828282828307,8.14220655849425,207.24828282828062,0.0003218233023621161,303.92795257638056,8.241666361161744,302.9347925216586
dataset/jati (93).jpg,0.00038169064381184787,130.733232323233,8.136812178159891,129.73323232323034,0.0003722844944983579,135.4887256402417,8.157367505010408,134.48872564024052,0.0004510254055708546,98.75626262626311,7.986649774232599,97.75626262626162,0.0003743968967367966,130.5917819324103,8.092876380407207,129.59862187769144
dataset/jati (94).jpg,0.0004157279869401021,116.45616161616181,8.025619869127373,115.45616161616012,0.000410260917073757,118.5105601469235,8.032393846606388,117.51056014692305,0.0005082185491276433,82.46434343434355,7.831292367419437,81.46434343434257,0.0004049296277667021,112.97603485838691,7.973257188489299,111.98287480366753
dataset/jati (95).jpg,0.000600545862667091,152.52020202020276,7.729183452639787,151.52020202020142,0.0005922208650439794,152.95775941230553,7.732748397604182,151.95775941230474,0.0006485307621671437,127.24696969697001,7.6583047573384535,126.24696969696888,0.0005958785654603875,147.04686629173642,7.673229231560595,146.05370623701614
dataset/jati (96).jpg,0.0004173247627793003,136.6971717171733,8.019132495493924,135.69717171716997,0.00039581155453684416,164.40220385674965,8.074447530300214,163.4022038567495,0.0004286756453423021,137.52060606060658,8.009918312496248,136.52060606060417,0.00039264876470574024,159.8563104828488,8.017122197304198,158.86315042813007
dataset/jati (97).jpg,0.000372451790633604,182.8051515151515,8.141844670810917,181.80515151514996,0.00037451227805952817,184.5383124171007,8.136432776160696,183.53831241710023,0.0004596163656769673,105.23848484848516,7.9430087682094825,104.23848484848386,0.0003663927723588558,184.25089932613824,8.094358387020034,183.25773927141825
dataset/jati (98).jpg,0.00042016630956023815,204.33676767676891,8.1166257987417,203.33676767676576,0.0004117287557752695,219.2539536781974,8.126363115753746,218.25395367819644,0.0005071115192327427,114.04050505050549,7.93528128333296,113.04050505050404,0.00040473966458390206,213.2618939048495,8.079697073460888,212.26873385012857
dataset/jati (99).jpg,0.0005644270992755921,57.614242424242796,7.752533765375596,56.61424242424219,0.0004991224146350501,79.76869707172779,7.876547917005116,78.76869707172712,0.0005081522293643548,72.87181818181855,7.849542202726385,71.87181818181794,0.0004902847065244272,76.54121700359724,7.828595029272218,75.54805694887735
dataset/mahoni (1).jpg,0.001235338230792779,52.17161616161625,7.108597312640743,51.17161616161616,0.0008884119766435398,89.30588715437212,7.382183542954864,88.30588715437172,0.0008875624936231149,86.89848484848537,7.3750717449954575,85.89848484848449,0.0008820401308570262,87.75082332674646,7.3329161461199295,86.7576632720264
dataset/mahoni (10).jpg,0.00041337618610345065,207.09919191919295,8.067851942927398,206.09919191919025,0.00039553568414258663,225.91409039893944,8.107216598819923,224.91409039893813,0.0004573870013263867,167.4454545454561,7.9811556716063405,166.44545454545323,0.00039551361486795576,213.26635253584712,8.036949652852678,212.27319248112516
dataset/mahoni (100).jpg,0.00026816651362105456,256.3986868686873,8.435282846483322,255.39868686868286,0.00026825533035473853,259.2545658606273,8.43478936530562,258.2545658606269,0.0003069482705846285,199.28040404040456,8.310983757145891,198.280404040401,0.0002672319909377044,252.50169731975555,8.37628429013576,251.50853726503374
dataset/mahoni (11).jpg,0.0008546423834302796,71.02848484848502,7.402206110349673,70.02848484848461,0.0007660556491380749,102.86225895316781,7.529562963952019,101.86225895316801,0.0007846546270788943,94.46303030303059,7.502067329605358,93.46303030302971,0.0007550985174865317,98.75583928661877,7.484642464899913,97.76267923189924
dataset/mahoni (12).jpg,0.0007879196000408269,78.46555555555598,7.450057380480973,77.46555555555528,0.0006964582332587419,116.95398428731771,7.582027597981783,115.95398428731754,0.000705346393225198,113.35131313131308,7.569984427995059,112.35131313131272,0.0006895098780200649,116.49723868875711,7.535536078008714,115.50407863403719
dataset/mahoni (13).jpg,0.0007624885215794441,65.2359595959596,7.458606392747042,64.23595959595933,0.0007146656792796778,80.28201203958812,7.538964572566507,79.2820120395875,0.0007129680644832255,80.07333333333368,7.544558835489924,79.0733333333327,0.0006895458170005836,83.19075847393191,7.513799106234046,82.19759841921218
dataset/mahoni (14).jpg,0.000766829915314798,177.90535353535446,7.61719929500373,176.9053535353519,0.0007422579238071074,188.78716457504362,7.638084407272218,187.787164575044,0.0007580297928783161,158.32969696969803,7.617517545289611,157.32969696969573,0.0007317073753018691,190.11298576278122,7.600013662788311,189.1198257080602
dataset/mahoni (15).jpg,0.0008565962656871888,98.39898989899025,7.389586544192103,97.39898989898964,0.0008229942574922819,111.31251913070103,7.428934105570866,110.3125191307008,0.0008430364248546207,104.31464646464684,7.41159294213881,103.31464646464578,0.0008127805812364742,112.32152809444187,7.385197763036575,111.32836803972145
dataset/mahoni (16).jpg,0.0009196255484134397,90.50757575757589,7.330394712786009,89.50757575757552,0.0008798287638109166,101.1545760636669,7.375114122211923,100.1545760636666,0.0009052494643403867,94.53777777777786,7.35114813300438,93.5377777777777,0.0008656622240156935,99.68982114809714,7.330409440970123,98.69666109337766
dataset/mahoni (17).jpg,0.00048091521273338993,173.50262626262727,7.911429509326373,172.50262626262483,0.00046897967023618275,185.27119681665135,7.933901451510416,184.27119681665093,0.0004725130088766416,184.52494949495016,7.931764737824678,183.5249494949482,0.00046104577879358554,184.88017429193914,7.887578978071932,183.88701423721835
dataset/mahoni (18).jpg,0.0005985868788899232,175.53525252525327,7.7069993893442605,174.5352525252515,0.000589165470300045,181.79910213243616,7.723014320999583,180.79910213243596,0.0005879349046015857,177.11787878787942,7.717797148048379,176.11787878787783,0.0005767487595385045,179.9208592997929,7.675594345621662,178.92769924507164
dataset/mahoni (19).jpg,0.00036710539740841987,244.93616161616302,8.156448389014676,243.93616161615978,0.00034599352541553015,276.22099785736003,8.199249871637052,275.2209978573596,0.00035283134374042594,256.4512121212137,8.177848767639146,255.45121212121046,0.00034577919995511014,270.0157065410155,8.14095728739654,269.0225464862941
dataset/mahoni (2).jpg,0.0006400877461483878,259.9731313131322,7.790503974383837,258.9731313131294,0.0005765378933855738,261.29639832670176,7.85306211962442,260.29639832670154,0.0005804560759106491,222.48656565656603,7.833089588833042,221.48656565656339,0.0005619881068210174,265.71251963317644,7.808278124536129,264.71935957845585
dataset/mahoni (20).jpg,0.0005783338434853797,130.06959595959648,7.761312527540792,129.06959595959486,0.0005531878068075609,141.2530354045507,7.795505368891732,140.25303540454996,0.0005781603917967738,130.38131313131373,7.75747978807049,129.3813131313123,0.0005484083063209044,143.78112175102632,7.746807521037493,142.78796169630553
dataset/mahoni (21).jpg,0.00043537394143453175,204.10070707070867,8.083265357778549,203.1007070707047,0.0003242570203888106,346.4448525660609,8.351874280185484,345.444852566061,0.0003233343536373673,341.5493939393951,8.351390535736234,340.54939393939094,0.00031950267104791726,343.54592896590316,8.298747666042448,342.55276891118064
dataset/mahoni (22).jpg,0.00040471890623405344,198.36929292929386,8.065527900029899,197.36929292929173,0.00040902210285049384,195.493112947659,8.051788424563245,194.49311294765917,0.00044579124579124203,165.63686868686918,7.980778126428107,164.6368686868673,0.000396458296641876,198.16912398034202,8.022933502162918,197.1759639256207
dataset/mahoni (23).jpg,0.0004323283338434746,143.11202020202091,8.019103047402085,142.11202020201867,0.00037719811057719093,189.90011223344607,8.13634981927751,188.9001122334451,0.0003773390470360079,187.70474747474876,8.131862402266151,186.70474747474555,0.00037001747525226397,188.99731468814988,8.08594942137646,188.00415463342765
dataset/mahoni (24).jpg,0.001170773390470365,58.563333333333425,7.065191776608094,57.56333333333335,0.0010923530694240489,67.52678298132852,7.124075631524412,66.52678298132827,0.0016817365574941347,36.23838383838396,6.765491223386779,35.23838383838382,0.0011282221474845538,64.72442620459047,7.051169937695081,63.731266149870386
dataset/mahoni (25).jpg,0.00032447199265379657,205.18787878787913,8.282405394892322,204.18787878787657,0.0003233721530864836,210.90898887868755,8.283869307712136,209.90898887868607,0.0003763034384246387,144.94515151515182,8.141580591756519,143.9451515151487,0.00032158199777855605,204.50301464254952,8.23175195352622,203.50985458782878
dataset/mahoni (26).jpg,0.000548336904397525,113.33686868686922,7.7706091735517155,112.33686868686777,0.0004788693636151916,154.62309968370613,7.898203447133801,153.62309968370604,0.00048746556473828833,149.64707070707095,7.8869422662485755,148.6470707070698,0.0004734241905159799,151.8118255053963,7.850371944485025,150.81866545067624
dataset/mahoni (27).jpg,0.00036131517192122744,153.30919191919205,8.186921348527257,152.3091919191903,0.00034386984388993163,165.57932863993454,8.221988556454056,164.5793286399347,0.0004420926436077907,104.66303030303062,8.00381365830647,103.66303030302895,0.00033935125658039256,170.13213760956643,8.176263960237248,169.13897755484535
dataset/mahoni (28).jpg,0.0003825170900928421,56.698787878788124,8.097762733431663,55.698787878787535,0.0003317835975604289,74.93296602387564,8.222904943365405,73.93296602387514,0.00033392510968267955,72.75767676767695,8.208942670987112,71.75767676767589,0.0003293807565534773,74.98069615443059,8.168666383024895,73.98753609971048
dataset/mahoni (29).jpg,0.0005238802163044677,96.44171717171798,7.811613703838295,95.44171717171619,0.000507893011131697,101.60065299459262,7.829273750072319,100.60065299459222,0.0006440771349862331,67.8211111111115,7.624867312312295,66.82111111111081,0.0005148721033467344,97.76825252064594,7.761680305167188,96.77509246592618
dataset/mahoni (3).jpg,0.0006897204366901507,104.11555555555572,7.554292301278937,103.1155555555549,0.0006290781907370188,124.72686460565309,7.633385398071172,123.72686460565201,0.0006290990715233295,125.40888888888942,7.635602012772053,124.40888888888867,0.0006263804916498408,122.53027309114837,7.586114499647735,121.53711303642845
dataset/mahoni (30).jpg,0.0003103968982756809,216.72161616161682,8.306191586202708,215.72161616161475,0.0003081680507917073,216.51464136312745,8.299340740229685,215.51464136312708,0.0003377461483522034,175.765757575758,8.226112856258114,174.7657575757553,0.0003030426179653803,217.40761007245206,8.257614845426717,216.41445001773184
dataset/mahoni (31).jpg,0.0004374859708192992,163.8398989898994,8.010282211854664,162.83989898989745,0.00043715047286110555,170.18549127640014,8.010624036654058,169.18549127640009,0.0005309254157739149,119.18747474747515,7.8514170843657025,118.1874747474741,0.0004326437158950739,165.48117748391473,7.955729152649403,164.48801742919318
dataset/mahoni (32).jpg,0.0004146362616059465,135.08020202020222,8.083351535914376,134.08020202020043,0.0003617493684988167,191.7272727272731,8.21562254663936,190.72727272727263,0.0003596469747984766,192.2864646464661,8.221446059235737,191.28646464646187,0.00035094927901128877,193.84546790292478,8.179967246575128,192.85230784820234
dataset/mahoni (33).jpg,0.0006177073767983031,71.67747474747492,7.737401053370411,70.67747474747429,0.0006103033886222312,76.48464442403879,7.75209915371346,75.48464442403775,0.0007257269666360764,54.124343434343494,7.582683955527305,53.12434343434315,0.0006096431950032113,73.77108983128082,7.697223492675685,72.77792977656128
dataset/mahoni (34).jpg,0.0004776706458524547,140.63444444444505,7.988970024580051,139.63444444444264,0.0004753090739987428,143.09713294561817,7.990118938149734,142.09713294561718,0.0007233802673196771,65.28434343434344,7.618703905142303,64.2843434343429,0.0004724333014813762,141.2600699194406,7.936192951295317,140.26690986472082
dataset/mahoni (35).jpg,0.000489898989898993,160.2125252525258,7.959691655658423,159.21252525252396,0.00048590666121962233,158.7642077339045,7.963031771386565,157.764207733904,0.0005278951127436108,128.896767676768,7.897202575099978,127.89676767676704,0.00048626467484518785,163.2550032933071,7.900806411128563,162.26184323858655
dataset/mahoni (36).jpg,0.00036351902867053293,116.69030303030316,8.2504719503304,115.69030303030159,0.00036695967537902157,121.915926946231,8.252664637500395,120.91592694622953,0.0004431333537394035,92.3705050505051,8.098240247797152,91.37050505050391,0.0003558061755228577,121.93413386026187,8.208940496014508,120.94097380554243
dataset/mahoni (37).jpg,0.00047762983369043014,99.16151515151601,7.9666190022801295,98.1615151515142,0.00047261803637929645,100.9676563615963,7.97618928945867,99.96765636159523,0.0007317875726966837,43.58616161616199,7.579209225911319,42.58616161616138,0.0004748001400562525,98.82190809140133,7.913279190340178,97.82874803668192
dataset/mahoni (38).jpg,0.0003453933272114902,251.16787878788034,8.311638143741504,250.16787878787557,0.0003420532633692435,272.6621773288424,8.320487422763735,271.6621773288418,0.00034921946740126727,258.63808080808155,8.298201171912018,257.63808080807837,0.00033756457583406115,265.4416578000717,8.267576094562358,264.44849774534924
dataset/mahoni (39).jpg,0.0005252831343740651,91.64131313131301,7.838536566994943,90.6413131313126,0.0005111930456592187,96.18375675951472,7.86088616751148,95.18375675951391,0.0005984236302418343,77.8290909090909,7.734759872262327,76.82909090909055,0.0005056563219109481,96.48761209910248,7.806043512580674,95.49445204438297
dataset/mahoni (4).jpg,0.00033747576777878614,167.87787878788015,8.24668117525821,166.87787878787677,0.00033248628630051005,171.69645954494553,8.257527970729107,170.69645954494456,0.00037079379655136167,129.64030303030387,8.153427809628216,128.64030303030074,0.00032240346019066224,175.9316005471954,8.222866446350357,174.9384404924758
dataset/mahoni (40).jpg,0.0003243546576879846,181.5177777777791,8.28474676319336,180.5177777777745,0.0003265472651713263,186.67513519028782,8.280829461698014,185.67513519028702,0.00036092745638199544,150.08828282828262,8.199036331982995,149.0882828282811,0.0003201393044173005,189.47378020975844,8.247203984995945,188.48062015503703
dataset/mahoni (41).jpg,0.0004890776451382497,145.30959595959695,7.952966558514955,144.30959595959428,0.0004932614700325338,146.58636873788475,7.948652593861109,145.58636873788373,0.0006603866952351999,73.81707070707087,7.663455188130244,72.81707070707004,0.00048458581104044514,144.20448903075496,7.91043562401298,143.2113289760338
dataset/mahoni (42).jpg,0.00045937149270480803,140.4091919191933,8.077836024303858,139.40919191918968,0.00045734106265960276,143.3487399244978,8.08270126697487,142.34873992449718,0.0005200030609121843,117.17595959596026,7.978336116159835,116.17595959595863,0.0004488932692345085,140.45295637634837,8.033151771922967,139.4597963216294
dataset/mahoni (43).jpg,0.00042763493521068285,161.84191919191997,8.05658988274289,160.84191919191787,0.0004307169670629635,162.32262014080246,8.048570572922081,161.32262014080226,0.000608315478012467,78.26101010101038,7.7395750553202465,77.26101010100946,0.0004239156777664618,162.07559406191427,8.005444391163635,161.0824340071932
dataset/mahoni (44).jpg,0.0003808590960105917,222.645353535355,8.275042121576607,221.64535353534995,0.0003798683277895037,227.88939904091527,8.283203885104113,226.88939904091433,0.0004023109886746045,199.01242424242503,8.230610609646359,198.01242424242076,0.00037386294616892086,224.0058772863161,8.227747493370659,223.01271723159334
dataset/mahoni (45).jpg,0.00041844199571471194,151.83141414141483,8.129173671210733,150.8314141414113,0.0004084599518584061,158.22375267829796,8.145930233438945,157.2237526782967,0.0005081777369656298,100.96757575757641,7.964837157149876,99.9675757575742,0.00041651738191744687,145.32350407863265,8.068085774681894,144.33034402391323
dataset/mahoni (46).jpg,0.0007298642995612989,60.23111111111119,7.620007344123931,59.23111111111055,0.0006051243123526927,85.4194469952049,7.793233267410088,84.4194469952043,0.0006068819508213804,85.31545454545451,7.796328136875308,84.31545454545345,0.0005918533996410953,86.93560318184038,7.754967986173287,85.94244312712102
dataset/mahoni (47).jpg,0.0003678757269666216,117.9315151515158,8.198850321508344,116.93151515151374,0.00036217098174286683,123.71604938271689,8.214773140076359,122.71604938271564,0.00047337006427914367,75.71686868686871,7.994311897692377,74.7168686868678,0.0003639694582431429,116.63201094391052,8.155034690090702,115.63885088919243
dataset/mahoni (48).jpg,0.0004802367105397311,80.29969696969752,7.938816802467143,79.29969696969535,0.0004708899425888571,85.80369350066357,7.962502804163682,84.80369350066269,0.0005675492296704586,64.50272727272741,7.805981072170388,63.50272727272673,0.000471421875886473,82.3387546232958,7.8990839131412915,81.34559456857608
dataset/mahoni (49).jpg,0.0005596724823997886,96.68696969697005,7.889228337476363,95.68696969696849,0.0005427203471311406,101.72890521375382,7.912282190962491,100.72890521375292,0.0006005815733088791,84.11474747474756,7.825375786635259,83.1147474747464,0.0005434898001284477,100.62167502659915,7.85775738124898,99.62851497188001
dataset/mahoni (5).jpg,0.0015039587797163604,46.30202020202045,6.899350618806619,45.30202020202007,0.0015128680370013116,48.208652178349176,6.90096115059956,47.208652178349126,0.00212988470564229,20.769393939393986,6.573573330275776,19.76939393939389,0.0014632401898411025,50.20104372498355,6.883984497302771,49.20788367026367
dataset/mahoni (50).jpg,0.000492485460667289,226.62343434343566,7.906897621995169,225.62343434343285,0.0004972746035037098,225.61820222426368,7.902707791105358,224.61820222426337,0.0005788899091929537,175.13727272727334,7.779477644166998,174.1372727272715,0.0004971798566460408,224.0330344023932,7.8503920496549116,223.03987434767092
dataset/mahoni (51).jpg,0.0003410162228343958,346.7409090909102,8.23103286310921,345.7409090909072,0.00034548863054302174,340.2075298438922,8.222403812929299,339.20752984389225,0.0004060555045403445,227.05595959596107,8.079660513213627,226.05595959595829,0.00034145625401140996,325.9049500937334,8.170044940564726,324.9117900390122
dataset/mahoni (52).jpg,0.0004403275176002378,206.70898989899055,7.994801915240462,205.70898989898888,0.00043843613300037607,213.54157739006322,8.004006299026287,212.5415773900625,0.0004672533414957567,185.4400000000011,7.952774166801019,184.4399999999984,0.00043040009668201184,212.11693773116616,7.960609423822063,211.12377767644412
dataset/mahoni (53).jpg,0.00027056932966023457,254.02353535353637,8.43397877485921,253.02353535353237,0.0002694264782548842,257.00030609121524,8.434472416133906,256.0003060912143,0.0003096316702377262,197.06868686868808,8.308178395098588,196.06868686868418,0.00026728333233846127,250.01084257992656,8.370389314200105,249.01768252520466
dataset/mahoni (54).jpg,0.0002598204264870877,288.8093939393938,8.469087093956793,287.8093939393915,0.00025948993895986815,287.9244975002535,8.477337089845117,286.92449750025276,0.0002973778185899334,230.36545454545507,8.360680973789107,229.36545454545166,0.0002584628796884889,276.2438060495499,8.417099227885553,275.2506459948325
dataset/mahoni (55).jpg,0.0005580706050403111,138.09444444444463,7.765424060201524,137.09444444444344,0.0005567116607115583,135.9610243852676,7.75988131122615,134.96102438526702,0.0006117896133047729,115.87222222222294,7.684615017828211,114.87222222222168,0.0005462725040494237,135.20362770431186,7.720050435990349,134.2104676495915
dataset/mahoni (56).jpg,0.0004315171921232454,290.77000000000123,8.038323672797084,289.76999999999794,0.000427833340677724,296.17222732374154,8.03871618572224,295.1722273237412,0.0005034894398530896,210.5073737373752,7.913193699989356,209.50737373737212,0.00043119588839374105,280.43258853929177,7.975089857297269,279.43942848457107
dataset/mahoni (57).jpg,0.0005566931945720201,241.65838383838556,7.926425893492712,240.65838383838178,0.0005526985272403871,245.9397000306098,7.9389603400218,244.93970003060898,0.0006094633200694158,200.66878787878932,7.856295220259459,199.66878787878656,0.0005446244450851681,241.07990069412855,7.888174844634931,240.0867406394083
dataset/mahoni (58).jpg,0.000337266605448419,326.66141414141515,8.285724565587639,325.6614141414113,0.00034026270835748435,322.3288439955105,8.286404459363588,321.3288439955105,0.0003982858891949759,217.6098989899005,8.138428401880601,216.6098989898974,0.0003364042601769693,314.1775345797244,8.226795687557999,313.1843745250028
dataset/mahoni (59).jpg,0.00047079889807161856,222.14565656565745,7.918503894335657,221.1456565656549,0.0004557170709047528,231.7166615651471,7.935659368421736,230.7166615651468,0.00047640546882970667,138.18858585858658,7.899296699841508,137.18858585858467,0.0004570822226551808,226.12940163145456,7.879768344985477,225.13624157673198
dataset/mahoni (6).jpg,0.0005600448933782761,64.05646464646496,7.853742594142673,63.056464646463944,0.00047060366199103593,89.212631364147,7.995431558660301,88.21263136414592,0.00048414447505354847,84.88020202020223,7.977412152578364,83.88020202020105,0.000466344211351649,91.12499366671567,7.953771196003971,90.13183361199722
dataset/mahoni (60).jpg,0.0009660289766350474,68.10262626262633,7.263734912694265,67.10262626262622,0.0009323378305516779,75.06244260789742,7.292523666285826,74.06244260789687,0.001044888276706461,60.221010101010314,7.192590532552937,59.221010101010066,0.0009360102113322814,72.80032426407257,7.237756242172963,71.80716420935249
dataset/mahoni (61).jpg,0.0010735996326905475,90.24707070707113,7.223800256380089,89.24707070706981,0.0009993431057453565,106.07591062136537,7.283934969750624,105.07591062136572,0.0011697326803387484,88.74050505050516,7.130813272836733,87.74050505050408,0.0009977431116019269,106.77347114556363,7.245663528875303,105.7803110908437
dataset/mahoni (62).jpg,0.000732180389756169,128.00898989899008,7.568096059174031,127.00898989898894,0.0007227231768326792,130.96735027038042,7.5779229155458845,129.9673502703802,0.0007582134476074098,119.60323232323213,7.530201879599859,118.60323232323213,0.0007072842709619768,130.45984698789076,7.541513249807692,129.46668693317076
dataset/mahoni (63).jpg,0.001141903887358433,34.80000000000018,7.124211303107872,33.79999999999993,0.0010726725795998197,39.52525252525248,7.189664061833428,38.525252525252455,0.0012793286399346998,24.436969696969857,6.997901135173539,23.436969696969605,0.0011558078821110442,32.25647261488606,7.051689150509879,31.263312560166217
dataset/mahoni (64).jpg,0.0009171921232527378,52.583434343434554,7.314962544533918,51.58343434343413,0.0008957824007617894,55.58891949801074,7.33961688916418,54.588919498010675,0.0010617028874604691,33.250404040404284,7.159019793847752,32.250404040404,0.0009081318307214888,52.34442924456603,7.275695988541963,51.351269189846036
dataset/mahoni (65).jpg,0.0005495357616569794,121.67646464646525,7.7650607684934085,120.67646464646396,0.0005425485787724606,122.75696357514553,7.768827724686222,121.75696357514494,0.0005941740638710416,103.12020202020251,7.688594436175265,102.12020202020146,0.0005310908518457207,126.7386127577646,7.735271430003756,125.74545270304459
dataset/mahoni (66).jpg,0.0004488827670645789,214.91363636363747,7.963210366965268,213.91363636363477,0.0004491586426639349,214.0388735843277,7.9594971138891335,213.0388735843281,0.00047591572288541324,183.9389898989911,7.908933519794919,182.9389898989889,0.0004414590344049698,215.45918832649406,7.920170222129777,214.46602827177242
dataset/mahoni (67).jpg,0.0006341444750535776,58.0388888888891,7.628802818685905,57.03888888888874,0.0005068467856742321,111.09958167533935,7.872887162700371,110.09958167533895,0.0005352106927864574,98.79272727272742,7.81750308152377,97.7927272727261,0.0005021702407995692,109.16502001317298,7.813663796481347,108.17185995845325
dataset/mahoni (68).jpg,0.0003779257218651094,179.87666666666763,8.136659025292047,178.87666666666496,0.0003782547462382126,175.5558616467712,8.129139463437976,174.55586164677027,0.0004022854810733537,161.10898989899002,8.076465668804888,160.10898989898817,0.0003740477752116511,176.10893246187416,8.079427049766457,175.11577240715295
dataset/mahoni (69).jpg,0.0007144270992756013,85.31383838383879,7.562807742327074,84.31383838383795,0.0007114176957699372,84.81767166615687,7.569997511075435,83.81767166615631,0.0012242730333639437,22.635858585858706,6.988090389410829,21.63585858585852,0.0007123311306563393,84.45589501950596,7.515446742729585,83.46273496478635
dataset/mahoni (7).jpg,0.0008183909805122173,116.42959595959607,7.485816646923108,115.42959595959557,0.0007691735051033535,124.03550658096098,7.5319006487158955,123.03550658096057,0.0008516477910417527,96.93808080808134,7.443393465803659,95.93808080808057,0.000751473814593117,121.7188022495818,7.490489106976075,120.72564219486193
dataset/mahoni (70).jpg,0.00032462503826139084,281.67828282828367,8.281126069682983,280.6782828282809,0.0003261412672326075,276.80063258851106,8.27623379239147,275.8006325885105,0.0004499285787164495,120.72474747474759,7.951840918741099,119.72474747474624,0.00032352270272715487,280.5814460150983,8.219606983984786,279.5882859603788
dataset/mahoni (71).jpg,0.0007164115906540357,159.59767676767726,7.557151806952526,158.5976767676761,0.0007181687127765557,167.64850525456603,7.554417479936669,166.6485052545664,0.0007799663299663514,143.73262626262695,7.490852087464798,142.73262626262536,0.0007133990317920768,160.65389876881022,7.505524844620733,159.66073871408983
dataset/mahoni (72).jpg,0.0003971941638608234,75.879191919192,8.100809451179462,74.87919191919082,0.0002730752546015528,203.5085195388236,8.481504365783374,202.50851953882233,0.00027145699418426426,199.01969696969792,8.48653409795995,198.01969696969329,0.00026889545232221685,204.12636165577442,8.4374225008776,203.1332016010526
dataset/mahoni (73).jpg,0.0003560095908580689,119.82707070707137,8.198729949188673,118.82707070706927,0.00028683233860193343,214.9087848178764,8.425001674447751,213.90878481787564,0.00028619018467502665,210.98181818181877,8.420168435383353,209.9818181818154,0.0002820337167758098,218.17388660890768,8.379294085386276,217.18072655418695
dataset/mahoni (74).jpg,0.0007891031527395357,89.21919191919183,7.436315315544769,88.21919191919113,0.0007850855012400052,90.25772880318348,7.443254272551579,89.2577288031831,0.0010197428833792555,46.62939393939409,7.1894713565019766,45.62939393939377,0.0008041603600494568,80.53949435071159,7.358347413358863,79.54633429599174
dataset/mahoni (75).jpg,0.000599780634629128,92.13686868686855,7.7208675082055045,91.13686868686841,0.0004262197591264152,196.07540046934,8.0251876650879,195.0754004693399,0.0004319967350270365,195.31060606060643,8.016820613135035,194.31060606060512,0.00040977625599812,198.38394892840904,7.992985758554358,197.3907888736874
dataset/mahoni (76).jpg,0.0004234159779614221,172.93585858586,8.052022629244759,171.9358585858566,0.0004334027995806326,164.09845934088418,8.033291031693652,163.09845934088352,0.00046618202224262115,121.93868686868782,7.947612059933207,120.93868686868569,0.00041877640355073476,168.47150022799804,7.991785797144325,167.4783401732778
dataset/mahoni (77).jpg,0.0003977451280481468,171.51959595959792,8.152174242337361,170.5195959595939,0.00039299559447470773,189.67136006530004,8.17263553749559,188.67136006529893,0.000534379144985223,93.02393939393973,7.851686599224194,92.02393939393835,0.00038443414058469494,192.50737194102499,8.127414141216065,191.51421188630457
dataset/mahoni (78).jpg,0.0005077747168656371,190.83151515151545,7.886174221926839,189.83151515151343,0.000498659160576767,198.37098255280196,7.900160648043035,197.3709825528015,0.0009619018467503483,52.57656565656577,7.306213069768439,51.57656565656552,0.0005117043389200653,189.20818766783268,7.831668962822304,188.21502761311146
dataset/mahoni (79).jpg,0.001067319661259063,72.50727272727278,7.153842354802289,71.50727272727252,0.0010706842307204565,69.19171513110932,7.141247709471975,68.19171513110898,0.0011980614223038462,56.70292929292934,7.051713140808119,55.70292929292936,0.0010775789897783238,70.04195166438653,7.091688672986892,69.04879160966685
dataset/mahoni (8).jpg,0.0005556575859606398,166.82969696969812,7.924426230130959,165.82969696969462,0.0004938652618388334,191.45434139373612,8.006569987324422,190.45434139373583,0.0004968727680849043,189.78000000000168,8.005534419445778,188.77999999999747,0.00047507224948026484,195.18052388914273,7.976410435376146,194.18736383442146
dataset/mahoni (80).jpg,0.0003314304662789459,227.21454545454628,8.28620077455378,226.2145454545426,0.00021949914199622446,407.3137434955576,8.633120306008603,406.31374349555693,0.0002209774512804832,391.0779797979817,8.633497884780523,390.0779797979751,0.00021640400418874626,411.2747631352285,8.590201649011702,410.28160308050786
dataset/mahoni (81).jpg,0.00040869299051116625,234.77555555555705,8.080587154248327,233.77555555555486,0.00040185467770159655,246.59779614325063,8.097982179889762,245.59779614325066,0.0006559483726150587,107.03515151515253,7.685110214790888,106.03515151515097,0.00041519277377792936,231.21629426964702,8.01588100685164,230.22313421492495
dataset/mahoni (82).jpg,0.00028843995510661016,288.8246464646474,8.43335176547848,287.82464646464354,0.0002863222386276455,289.0797877767562,8.441616922744172,288.0797877767558,0.0003927609427609337,135.17676767676835,8.127459646811367,134.17676767676542,0.00028286544746806394,293.07371941024337,8.389259819997637,292.08055935552676
dataset/mahoni (83).jpg,0.000590434649525577,218.224343434344,7.737030714109409,217.224343434342,0.0005977799137433406,211.93255790225484,7.727548732752698,210.9325579022547,0.0006403377206407684,164.5428282828294,7.662182256920028,163.54282828282768,0.0005810100958013007,211.0876019658519,7.695127950676002,210.09444191113045
dataset/mahoni (84).jpg,0.0003623354759718339,314.32040404040595,8.165820083935781,313.3204040404008,0.00036368566636040076,313.38485868788746,8.159803414511162,312.38485868788706,0.00042539026629935354,200.81666666666658,8.018246794941879,199.81666666666672,0.0003561912360285337,312.15605208491684,8.123679680297448,311.162892030197
dataset/mahoni (85).jpg,0.0004403428221609952,185.82424242424295,8.013655530756743,184.82424242424082,0.00043478735665369574,188.45576981940636,8.020694588826586,187.45576981940619,0.0008432710947862606,35.832727272727524,7.3657838090951255,34.832727272727126,0.0004439285557813546,183.96757359274565,7.950901634833595,182.97441353802463
dataset/mahoni (86).jpg,0.0009282063054790487,83.79515151515183,7.3413610653967325,82.7951515151508,0.0009366580650277692,82.67013570043896,7.335631898622473,81.6701357004384,0.0010357565554535316,58.80626262626264,7.2054639026330785,57.80626262626246,0.0009208799005293437,83.23797942949719,7.2954218922694265,82.24481937477816
dataset/mahoni (87).jpg,0.00094293949596982,86.89080808080877,7.347159519508852,85.89080808080764,0.0009338889508816488,84.86685032139603,7.3421650117779,83.86685032139565,0.0011390674420977563,50.722626262626534,7.1374821383196565,49.72262626262624,0.0009240682015163246,85.36423975274852,7.30455564253993,84.3710796980285
dataset/mahoni (88).jpg,0.0010892817059483804,68.76717171717192,7.122533717308941,67.76717171717162,0.0011068336625716273,67.68646056524857,7.109318855995363,66.68646056524845,0.0014015406591164192,35.04757575757589,6.867010320900376,34.04757575757567,0.0010799098893726777,69.4350711860972,7.0830210761418515,68.44191113137725
dataset/mahoni (89).jpg,0.0006370574431180645,119.25898989898992,7.683855811270222,118.25898989898951,0.00044791462333889373,249.76073870013224,7.982236260660575,248.7607387001324,0.00045667278849096586,243.5642424242432,7.968040404277003,242.5642424242423,0.00045384258026744226,237.60936312509625,7.921160154153124,236.61620307037404
dataset/mahoni (9).jpg,0.0007258340985613971,149.07555555555675,7.590142211844,148.07555555555427,0.0007145199364298757,155.89796959493867,7.605418082399956,154.89796959493896,0.0009111366187124044,117.24171717171754,7.4228755818718755,116.24171717171672,0.0007089528664865685,155.10016719866243,7.551946940944475,154.10700714394267
dataset/mahoni (90).jpg,0.00040337720640750216,115.44484848484908,8.08842750513452,114.44484848484669,0.00029242782301374054,221.8803183348645,8.38690886680992,220.8803183348643,0.000296515661667171,221.33212121212222,8.380534448210195,220.33212121211764,0.00029062313312237554,219.36221310229533,8.336393386629904,218.36905304757403
dataset/mahoni (91).jpg,0.000263733292521164,149.57060606060725,8.458712389726566,148.57060606060347,0.0002557422656794002,159.18375675951435,8.490428436004136,158.1837567595137,0.00028505254565859724,121.46121212121301,8.387329916764347,120.46121212120997,0.00025007882894494815,159.87708364999716,8.442885597052648,158.88392359527688
dataset/mahoni (92).jpg,0.00020711151923273407,224.04767676767915,8.673766068873217,223.04767676767315,0.0002048259600828397,233.29996939087806,8.685839347856586,232.2999693908778,0.00022554841342720377,178.50090909091037,8.599266403301133,177.5009090909064,0.00019871689162812258,233.32745604701702,8.650450428607268,232.33429599229723
dataset/mahoni (93).jpg,0.00026308029792877254,178.97555555555624,8.469985602954475,177.9755555555532,0.00026313351020476063,183.8826650341805,8.473637372406296,182.88266503417984,0.00029901030507089877,133.89717171717265,8.355859101334028,132.89717171716958,0.0002591149154780956,184.36874905000798,8.420289656485156,183.37558899528747
dataset/mahoni (94).jpg,0.00022529843893480544,293.70030303030273,8.625577303244402,292.70030303030006,0.0002230334061037715,303.3688399142911,8.63453196444826,302.36883991429096,0.00024946434037342223,253.72555555555672,8.546619153671358,252.72555555555167,0.0002192534519307322,303.1019911840699,8.5801500617492,302.1088311293503
dataset/mahoni (95).jpg,0.00041949801040709427,221.01939393939452,8.044585948417403,220.01939393939236,0.00040960507424967467,227.72155902458942,8.056500401051114,226.72155902458934,0.0004337516579940763,200.07606060606113,8.011858994960345,199.07606060605912,0.0004064390649489427,226.60718447585833,8.011049414645814,225.6140244211373
dataset/mahoni (96).jpg,0.00033016018773593625,359.45373737373825,8.257418858366725,358.4537373737354,0.0003330120015801343,356.4969901030478,8.251503474184272,355.496990103049,0.000390659116416682,240.97303030303107,8.113332163042825,239.97303030302825,0.00032809722153456203,339.88579824694807,8.199643409022242,338.89263819222674
dataset/mahoni (97).jpg,0.0003218957249260233,350.4226262626285,8.330189346391931,349.4226262626234,0.00031978583796115614,345.0844811753894,8.33621967451314,344.08448117538853,0.00037224772982348184,244.12808080808318,8.198177440143375,243.1280808080788,0.0003199647436547314,337.53650504129365,8.269981588041995,336.5433449865724
dataset/mahoni (98).jpg,0.0006821548821549042,139.85121212121274,7.633308264063511,138.8512121212113,0.0006761947720353305,143.6981940618307,7.639330073439695,142.6981940618304,0.0007044791347821887,131.86131313131372,7.606022939460343,130.8613131313125,0.0006584740012627531,142.7106449815068,7.604325852639404,141.717484926787
dataset/mahoni (99).jpg,0.00035621875318844314,194.1510101010116,8.18687221145097,193.15101010100824,0.0003620877001144216,190.1648811345795,8.17362301840489,189.16488113457868,0.00037838996020813596,175.8541414141418,8.139632240403385,174.85414141413975,0.00035746963690737104,191.41956731012849,8.125176516079517,190.42640725540736
